ITEM_CD,SKU,Image_URL
08DW322,08DW3220BLK,No image
08DW322,08DW3220WHT,No image
08DW400,08DW4000BLK,No image
08DW400,08DW4000WHT,No image
08EC132,08EC1320BLK,No image
08EC132,08EC1320BRN,No image
08HW108,08HW1080RED,No image
BG100,00BG1000BLU,https://www.spectorandco.com/product_images/products/BG100_BLU_v1501873816.jpg
BG100,00BG1000RED,https://www.spectorandco.com/product_images/products/BG100_RED_v1501873816.jpg
BG110,00BG1100BLK,https://www.spectorandco.com/product_images/products/BG110_BLK_v1531800000.jpg
BG117,00BG1170BLK,https://www.spectorandco.com/product_images/products/BG117_BLK_v1562904000.jpg
BG117,00BG1170GRY,https://www.spectorandco.com/product_images/products/BG117_GRY_v1565968726.jpg
BG120,00BG1200NVY,https://www.spectorandco.com/product_images/products/BG120_NVY_v1578428543.jpg
BG122,00BG1220BLK,https://www.spectorandco.com/product_images/products/BG122_BLK_Angle_Branded_v1703172566.jpg
BG122,00BG1220TAU,https://www.spectorandco.com/product_images/products/BG122_Taupe_Front_branded_v1703172566.jpg
BG123,00BG1230BKC,https://www.spectorandco.com/product_images/products/BG123_BLK_Angle_branded_v1703173820.jpg
BG209,00BG2090GRY,https://www.spectorandco.com/product_images/products/BG209_GRY_v1562904000.jpg
BG211,00BG2110BKC,https://www.spectorandco.com/product_images/products/BG211_BLK_Angle_branded_v1703175865.jpg
BG300,00BG3000BLK,https://www.spectorandco.com/product_images/products/BG300_BLK_v1500493143.jpg
BG303,00BG3030BLK,https://www.spectorandco.com/product_images/products/BG303_BLK_v1531800000.jpg
BG404,00BG4040BKC,https://www.spectorandco.com/product_images/products/BG404_BLK_Angle_branded_v1703180614.jpg
BG500,00BG5000BLK,https://www.spectorandco.com/product_images/products/BG500_BLK_v1502726710.jpg
BG503,00BG5030GRY,No image
BG700,00BG7000GRY,https://www.spectorandco.com/product_images/products/BG700_GRY_v1539874321.jpg
BG707,00BG7070BLK,https://www.spectorandco.com/product_images/products/BG707_BLK_v1620082374.jpg
BGR101,00BGR101BLK,https://www.spectorandco.com/product_images/products/BGR101_BLK_v1641418947.jpg
BGR102,00BGR102BLK,https://www.spectorandco.com/product_images/products/BGR102_BLK_v1640272055.jpg
BGR104,00BGR104RED,https://www.spectorandco.com/product_images/products/BGR104_RED_v1576536253.jpg
BGR122,00BGR122GRY,https://www.spectorandco.com/product_images/products/BGR122_GRY_v1576536253.jpg
BGR123,00BGR123BLK,https://www.spectorandco.com/product_images/products/BGR123_BLK_v1695828077.jpg
BGR123,00BGR123GRY,https://www.spectorandco.com/product_images/products/BGR123_GRY_v1695828077.jpg
BGR123,00BGR123NAT,https://www.spectorandco.com/product_images/products/BGR123_NAT_v1695828077.jpg
BGR123,00BGR123OGN,https://www.spectorandco.com/product_images/products/BGR123_OGN_v1695828077.jpg
BGR124,00BGR124AST,https://www.spectorandco.com/product_images/products/BGR124_BS_OP1_v1681933940.jpg
BGR200,00BGR200KHA,No image
BGR210,00BGR210GRY,No image
BGR400,00BGR400NVY,https://www.spectorandco.com/product_images/products/BGR400_NVY_v1599849531.jpg
BGR710,00BGR710GRY,No image
DW100,00DW1000BLK,https://www.spectorandco.com/product_images/products/DW100_BLK_v1630504649.jpg
DW100,00DW1000BLU,https://www.spectorandco.com/product_images/products/DW100_BLU_v1630504649.jpg
DW100,00DW1000GRN,https://www.spectorandco.com/product_images/products/DW100_GRN_v1630504649.jpg
DW100,00DW1000ORG,https://www.spectorandco.com/product_images/products/DW100_ORG_v1630504649.jpg
DW100,00DW1000RED,https://www.spectorandco.com/product_images/products/DW100_RED_v1630504649.jpg
DW100,00DW1000SLV,https://www.spectorandco.com/product_images/products/DW100_SLV_v1630504649.jpg
DW103,00DW1030ORG,https://www.spectorandco.com/product_images/products/DW103_ORG_v1630504649.jpg
DW201,00DW2010BLK,https://www.spectorandco.com/product_images/products/DW201_BLK_brand_v1681956934.jpg
DW201,00DW2010BLU,https://www.spectorandco.com/product_images/products/DW201_BLU_BE_brand_v1681956937.jpg
DW201,00DW2010GRN,https://www.spectorandco.com/product_images/products/DW201_GRN_BE_brand_v1681956939.jpg
DW201,00DW2010RED,https://www.spectorandco.com/product_images/products/DW201_RED_BE_brand_v1681956947.jpg
DW201,00DW2010WHT,https://www.spectorandco.com/product_images/products/DW201_WHT_BE_brand_v1681956950.jpg
DW300,00DW3000SST,https://www.spectorandco.com/product_images/products/DW300_SST_v1630504649.jpg
DW301,00DW3010BLK,https://www.spectorandco.com/product_images/products/DW301_BLK_v1644348276.jpg
DW301,00DW3010SST,https://www.spectorandco.com/product_images/products/DW301_SST_v1630504649.jpg
DW301,00DW3010WHT,https://www.spectorandco.com/product_images/products/DW301_WHT_v1644348427.jpg
DW304,00DW3040BLU,https://www.spectorandco.com/product_images/products/DW304_BLU_v1630504649.jpg
DW304,00DW3040RED,No image
DW306,00DW306CHCR,https://www.spectorandco.com/product_images/products/DW306_CHCR_v1653489589.jpg
DW306,00DW306WHRG,https://www.spectorandco.com/product_images/products/DW306_WHRG_v1630504649.jpg
DW307,00DW3070BLK,https://www.spectorandco.com/product_images/products/DW307_BLK_v1630504649.jpg
DW307,00DW3070GMT,https://www.spectorandco.com/product_images/products/DW307_GMT_v1630504649.jpg
DW307,00DW3070RGD,https://www.spectorandco.com/product_images/products/DW307_RGD_v1630504649.jpg
DW307,00DW3070WHT,https://www.spectorandco.com/product_images/products/DW307_WHT_v1630504649.jpg
DW308,00DW3080BLK,https://www.spectorandco.com/product_images/products/DW308_BLK_v1644347574.jpg
DW308,00DW3080BLU,https://www.spectorandco.com/product_images/products/DW308_BLU_v1644347663.jpg
DW308,00DW3080RED,https://www.spectorandco.com/product_images/products/DW308_RED_v1644347934.jpg
DW308,00DW3080SST,https://www.spectorandco.com/product_images/products/DW308_SST_v1630504649.jpg
DW308,00DW3080WHT,https://www.spectorandco.com/product_images/products/DW308_WHT_v1644348075.jpg
DW310,00DW3100GRN,https://www.spectorandco.com/product_images/products/DW310_GRN_v1653668615.jpg
DW310,00DW3100ORG,https://www.spectorandco.com/product_images/products/DW310_ORG_v1630504649.jpg
DW310,00DW3100RED,https://www.spectorandco.com/product_images/products/DW310_RED_v1630504649.jpg
DW312,00DW3120GLD,https://www.spectorandco.com/product_images/products/DW312_GLD_v1652113239.jpg
DW312,00DW3120SLV,https://www.spectorandco.com/product_images/products/DW312_SLV_v1652113240.jpg
DW313,00DW3130SLV,https://www.spectorandco.com/product_images/products/DW313_SLV_v1652109593.jpg
DW314,00DW3140SLV,https://www.spectorandco.com/product_images/products/DW314_SLV_v1652109593.jpg
DW314,00DW3140WHP,https://www.spectorandco.com/product_images/products/DW314_WHP_v1652112265.jpg
DW320,00DW3200NVY,https://www.spectorandco.com/product_images/products/DW320_NVY_v1662743227.jpg
DW321,00DW3210BLK,https://www.spectorandco.com/product_images/products/DW321_BLK_SS_v1672229273.jpg
DW321,00DW3210GRN,https://www.spectorandco.com/product_images/products/DW321_GRN_SS_v1672229273.jpg
DW321,00DW3210GRY,https://www.spectorandco.com/product_images/products/DW321_GRY_SS_v1672229273.jpg
DW321,00DW3210WHT,https://www.spectorandco.com/product_images/products/DW321_WHT_SS_v1672229273.jpg
DW324,00DW3240BLK,https://www.spectorandco.com/product_images/products/DW324_BLK_brand_v1682431053.jpg
DW324,00DW3240NVY,https://www.spectorandco.com/product_images/products/DW324_NVY_brand_v1682431053.jpg
DW324,00DW3240RED,https://www.spectorandco.com/product_images/products/DW324_RED_brand_v1681958106.jpg
DW324,00DW3240WHT,https://www.spectorandco.com/product_images/products/DW324_WHT_BE2_brand_v1681958108.jpg
DW402,00DW4020RGD,https://www.spectorandco.com/product_images/products/DW402_RGD_v1643993751.jpg
DW402,00DW4020SLV,https://www.spectorandco.com/product_images/products/DW402_SLV_v1630504649.jpg
DW403,00DW4030RGD,https://www.spectorandco.com/product_images/products/DW403_RGD_v1643994063.jpg
DW403,00DW4030SLV,https://www.spectorandco.com/product_images/products/DW403_SLV_v1630504649.jpg
DW404,00DW4040NAT,https://www.spectorandco.com/product_images/products/DW404_NAT_v1652202260.jpg
DW406,00DW4060RGD,https://www.spectorandco.com/product_images/products/DW406_RGD_v1643994258.jpg
DW409,00DW4090GRN,https://www.spectorandco.com/product_images/products/DW409_GRN_v1652109593.jpg
DW409,00DW4090ORG,https://www.spectorandco.com/product_images/products/DW409_ORG_v1652109593.jpg
DW409,00DW4090YEL,https://www.spectorandco.com/product_images/products/DW409_YEL_v1652109593.jpg
DW410,00DW4100NAT,https://www.spectorandco.com/product_images/products/DW410_NAT_v1652109593.jpg
DW411,00DW4110GRY,https://www.spectorandco.com/product_images/products/DW411_GRY_v1661963369.jpg
DW411,00DW4110NVY,https://www.spectorandco.com/product_images/products/DW411_NVY_v1661963369.jpg
DW412,00DW412BKGD,https://www.spectorandco.com/product_images/products/DW412_BKGD_v1661963369.jpg
DW412,00DW412WHRG,https://www.spectorandco.com/product_images/products/DW412_WHRG_v1661963369.jpg
DW413,00DW413BKGD,https://www.spectorandco.com/product_images/products/DW413_BKGD_v1661963369.jpg
DW413,00DW413WHRG,https://www.spectorandco.com/product_images/products/DW413_WHRG_v1661963369.jpg
DW415,00DW4150GRN,https://www.spectorandco.com/product_images/products/DW415_GRN_LE_v1672230782.jpg
DW415,00DW4150GRY,https://www.spectorandco.com/product_images/products/DW415_GRY_LE_v1672230782.jpg
DW417,00DW4170BLK,https://www.spectorandco.com/product_images/products/DW417_BLK_brand_v1682002006.jpg
DW417,00DW4170NVY,https://www.spectorandco.com/product_images/products/DW417_NVY_BE_brand_v1682002010.jpg
DW417,00DW4170RED,https://www.spectorandco.com/product_images/products/DW417_RED_brand_v1683144627.jpg
DW417,00DW4170WHT,https://www.spectorandco.com/product_images/products/DW417_WHT_brand_v1683144627.jpg
DW502,00DW5020BLK,https://www.spectorandco.com/product_images/products/DW502_BLK_web_brand_v1682003653.jpg
DW502,00DW5020GRY,https://www.spectorandco.com/product_images/products/DW502_GRY_web_brand_v1682003655.jpg
DW502,00DW5020WHT,https://www.spectorandco.com/product_images/products/DW502_WHT_prod_brand_v1682003658.jpg
DW6003,00DW6003COF,No image
EC121,00EC1210GRN,https://www.spectorandco.com/product_images/products/EC121_GRN_v1579626008.jpg
EC122,00EC1220BLK,https://www.spectorandco.com/product_images/products/EC122_BLK_v1583421381.jpg
EC1321,00EC1321NAT,No image
EC148,00EC1480NAT,https://www.spectorandco.com/product_images/products/EC148_NAT_v1639417761.jpg
EC149,00EC1490NAT,https://www.spectorandco.com/product_images/products/EC149_NAT_v1639417761.jpg
EC150,00EC1500NAT,https://www.spectorandco.com/product_images/products/EC150_NAT_v1639417761.jpg
EC301,00EC3010WHT,https://www.spectorandco.com/product_images/products/EC301_WHT_v1584564320.jpg
EC3011,00EC3011BLU,No image
EC3011,00EC3011GRY,No image
EC3011,00EC3011NAT,No image
EC3011,00EC3011WAL,No image
EC3195,00EC3195NAT,https://www.spectorandco.com/product_images/products/EC3195_NAT_v1585074713.jpg
EC3197,00EC3197NAT,No image
EC913,00EC9130BLK,https://www.spectorandco.com/product_images/products/EC913_BLK_v1603835999.jpg
G1289,00G12890BLU,https://www.spectorandco.com/product_images/products/G1289_BLU_v1631054568.jpg
G1289,00G12890GRN,https://www.spectorandco.com/product_images/products/G1289_GRN_v1631054851.jpg
G1289,00G12890ORG,https://www.spectorandco.com/product_images/products/G1289_ORG_v1631054851.jpg
G1289,00G12890SND,https://www.spectorandco.com/product_images/products/G1289_SND_v1631054851.jpg
G3038,00G30380GRN,https://www.spectorandco.com/product_images/products/G3038_GRN_v1583421381.jpg
G3141,00G31410BLU,https://www.spectorandco.com/product_images/products/G3141_Donald_BLU_v1504626262.jpg
G3141,00G31410GRN,https://www.spectorandco.com/product_images/products/G3141_Donald_GRN_v1504626262.jpg
G3141,00G31410ORG,https://www.spectorandco.com/product_images/products/G3141_Donald_ORG_v1504626263.jpg
G3141,00G31410RED,https://www.spectorandco.com/product_images/products/G3141_Donald_RED_v1504626262.jpg
G3385,00G33850ORG,https://www.spectorandco.com/product_images/products/G3385_Luca_ORG_v1484802000.jpg
G523,00G52300GRY,https://www.spectorandco.com/product_images/products/G523_Fabrizio_grey_v1492660800.jpg
G523,00G52300NVY,https://www.spectorandco.com/product_images/products/G523_Fabrizio_Navy_v1492660800.jpg
G532,00G53200BLU,https://www.spectorandco.com/product_images/products/G532_BLU_v1576536253.jpg
G532,00G53200GRN,https://www.spectorandco.com/product_images/products/G532_GRN_v1576536253.jpg
G532,00G53200ORG,https://www.spectorandco.com/product_images/products/G532_ORG_v1576536253.jpg
G532,00G53200RED,https://www.spectorandco.com/product_images/products/G532_RED_v1576536253.jpg
G8013,00G80130BLK,https://www.spectorandco.com/product_images/products/G8013_KeyRing_Black_v1453649995.jpg
G8013,00G80130RED,https://www.spectorandco.com/product_images/products/G8013_KeyRing_Red_v1453649994.jpg
G8015,00G80150BLU,https://www.spectorandco.com/product_images/products/G8015_Blue_v1453649997.jpg
G8015,00G80150PNK,https://www.spectorandco.com/product_images/products/G8015_Pink_v1453649997.jpg
G8015,00G80150RED,https://www.spectorandco.com/product_images/products/G8015_Red_v1453649997.jpg
G8045,00G80450BLK,https://www.spectorandco.com/product_images/products/G8045_Fabrizio_Black_v1453650026.jpg
G8045,00G80450BRN,https://www.spectorandco.com/product_images/products/G8045_Fabrizio_Brown_v1453650026.jpg
G8045,00G80450GRY,https://www.spectorandco.com/product_images/products/G8045_Fabrizio_Grey_v1453650026.jpg
G8117,00G81170CHR,https://www.spectorandco.com/product_images/products/G8117_CHR_v1583421381.jpg
HW103,00HW1030BLK,https://www.spectorandco.com/product_images/products/HW103_BLK_v1513746000.jpg
HW103,00HW1030BLU,https://www.spectorandco.com/product_images/products/HW103_BLU_v1513746000.jpg
HW103,00HW1030GRN,https://www.spectorandco.com/product_images/products/HW103_GRN_v1513746000.jpg
HW103,00HW1030RED,https://www.spectorandco.com/product_images/products/HW103_RED_v1513746000.jpg
HW116,00HW1160BLK,https://www.spectorandco.com/product_images/products/HW116_BLK_v1545886800.jpg
HW116,00HW1160BLU,https://www.spectorandco.com/product_images/products/HW116_BLU_v1545886800.jpg
HW902,00HW9020GRY,No image
HW903,00HW9030GMT,https://www.spectorandco.com/product_images/products/HW903_GMT_v1597861609.jpg
HW912,00HW9120WHT,https://www.spectorandco.com/product_images/products/HW912_WHT_v1610384964.jpg
I136,00I13600WHT,https://www.spectorandco.com/product_images/products/I136_WHT_v1582665478.jpg
I139,00I13900BLK,https://www.spectorandco.com/product_images/products/I139_Axel_Black_Side_4CP_v1470084365.jpg
I139,00I13900SLV,https://www.spectorandco.com/product_images/products/I139_Axel_Silver_Side_4CP_v1470084335.jpg
I139,00I13900WHT,No image
I149,00I14900YEL,https://www.spectorandco.com/product_images/products/I149_YEL_v1545886800.jpg
SH101,00SH1010BLK,https://www.spectorandco.com/product_images/products/SH101_BLK_v1545886800.jpg
SH103,00SH1030BRN,https://www.spectorandco.com/product_images/products/SH103_BRN_v1545886800.jpg
SH107,00SH1070BLK,https://www.spectorandco.com/product_images/products/SH107_BLK_v1555992000.jpg
SH108,00SH1080BLK,https://www.spectorandco.com/product_images/products/SH108_BLK_v1567607030.jpg
SH108,00SH1080BRN,https://www.spectorandco.com/product_images/products/SH108_BRN_v1567607030.jpg
SH109,00SH1090BLK,https://www.spectorandco.com/product_images/products/SH109_BLK_v1576536253.jpg
SH109,00SH1090BRN,https://www.spectorandco.com/product_images/products/SH109_BRN_v1576536253.jpg
SH111,00SH1110BLK,https://www.spectorandco.com/product_images/products/SH111_BLK_v1576536253.jpg
SH111,00SH1110BRN,https://www.spectorandco.com/product_images/products/SH111_BRN_v1576536253.jpg
SH113,00SH1130BRN,https://www.spectorandco.com/product_images/products/SH113_BRN_v1576536253.jpg
SH115,00SH1150BLK,https://www.spectorandco.com/product_images/products/SH115_BLK_v1631119979.jpg
SH115,00SH1150BLU,https://www.spectorandco.com/product_images/products/SH115_BLU_v1631120035.jpg
SH115,00SH1150GRN,https://www.spectorandco.com/product_images/products/SH115_GRN_v1631120090.jpg
SH115,00SH1150RED,https://www.spectorandco.com/product_images/products/SH115_RED_v1631120208.jpg
SH115,00SH1150SLV,https://www.spectorandco.com/product_images/products/SH115_SLV_v1631120246.jpg
SH301,00SH3010BLK,https://www.spectorandco.com/product_images/products/SH301_BLK_v1556740908.jpg
SH301,00SH3010BRN,https://www.spectorandco.com/product_images/products/SH301_BRN_v1556740908.jpg
SH302,00SH3020BLK,https://www.spectorandco.com/product_images/products/SH302_BLK_v1576536253.jpg
SH302,00SH3020BRN,https://www.spectorandco.com/product_images/products/SH302_BRN_v1576536253.jpg
ST154,00ST1540BLK,https://www.spectorandco.com/product_images/products/ST154_BLK_v1516338000.jpg
ST158,00ST1580BLK,https://www.spectorandco.com/product_images/products/ST158_BLK_v1576536253.jpg
ST158,00ST1580NVY,https://www.spectorandco.com/product_images/products/ST158_NVY_v1576536253.jpg
ST158,00ST1580RED,https://www.spectorandco.com/product_images/products/ST158_RED_v1576536253.jpg
ST158,00ST1580WHT,https://www.spectorandco.com/product_images/products/ST158_WHT_v1576536253.jpg
ST4167,00ST4167BLK,https://www.spectorandco.com/product_images/products/ST4167_Classic_Black_v1453650364.jpg
ST4167,00ST4167BLU,https://www.spectorandco.com/product_images/products/ST4167_Classico_Blue_v1453650364.jpg
ST4167,00ST4167WHT,https://www.spectorandco.com/product_images/products/ST4167_Classico_White_v1453650363.jpg
ST4370,00ST4370RED,No image
ST478,00ST4780BLU,No image
ST605,00ST6050BLK,https://www.spectorandco.com/product_images/products/ST605_Toscano_BLK_v1484888400.jpg
T1029,00T1029BKGY,https://www.spectorandco.com/product_images/products/T1029_BKGY_v1545886800.jpg
T1038,00T10380BLK,https://www.spectorandco.com/product_images/products/T1038_BLK_v1576536253.jpg
T1038,00T10380CHL,https://www.spectorandco.com/product_images/products/T1038_CHL_v1576536253.jpg
T1038,00T10380WHT,https://www.spectorandco.com/product_images/products/T1038_WHT_v1576536253.jpg
T1045,00T10450BLK,https://www.spectorandco.com/product_images/products/T1045_BLK_v1610486435.jpg
T112,00T11200BLK,https://www.spectorandco.com/product_images/products/T112_Fabrizio_Black_Front_DB_v1470059608.jpg
T112,00T11200BRN,https://www.spectorandco.com/product_images/products/T112_Fabrizio_Brown_Front_LT_v1470059648.jpg
T127,00T12700BLK,https://www.spectorandco.com/product_images/products/T127_BLK_v1545886800.jpg
T130,00T13000BLK,No image
T145,00T14500BLK,https://www.spectorandco.com/product_images/products/T145_BLK_v1639417761.jpg
T145,00T14500BRN,https://www.spectorandco.com/product_images/products/T145_BRN_v1639417761.jpg
T200,00T20000BLK,No image
T223,00T22300CLR,https://www.spectorandco.com/product_images/products/T223_CLR_v1545886800.jpg
T230,00T23000BLK,https://www.spectorandco.com/product_images/products/T230_BLK_v1582295894.jpg
T230,00T23000BLU,https://www.spectorandco.com/product_images/products/T230_BLU_v1582295894.jpg
T230,00T23000GMT,https://www.spectorandco.com/product_images/products/T230_GMT_v1582295894.jpg
T230,00T23000SLV,https://www.spectorandco.com/product_images/products/T230_SLV_v1582295894.jpg
T230,00T23000WHT,https://www.spectorandco.com/product_images/products/T230_WHT_v1582295894.jpg
T236,00T23600BLK,https://www.spectorandco.com/product_images/products/T236_Addi Flash_Black_Light ON_LE_v1469714077.jpg
T236,00T23600BLU,https://www.spectorandco.com/product_images/products/T236_Addi Flash_Blue_Light ON_LE_v1469714080.jpg
T236,00T23600RED,https://www.spectorandco.com/product_images/products/T236_Addi Flash_Red_Light ON_LE_v1469714082.jpg
T236,00T23600SLV,https://www.spectorandco.com/product_images/products/T236_Addi flash_Silver_Light ON_LE_v1469714083.jpg
T237,00T23700BLK,https://www.spectorandco.com/product_images/products/T237_Goldie_Black_Light ON_LE_v1469714919.jpg
T237,00T23700SLV,https://www.spectorandco.com/product_images/products/T237_Goldie_Silver_Light ON_LE_v1469714925.jpg
T256,00T25600SLV,https://www.spectorandco.com/product_images/products/T256_SLV_v1576536253.jpg
T270,00T27000BLU,https://www.spectorandco.com/product_images/products/T270_BLU_v1580845890.jpg
T270,00T27000SLV,https://www.spectorandco.com/product_images/products/T270_SLV_v1580845890.jpg
T307,00T30700BLK,https://www.spectorandco.com/product_images/products/T307_BLK_v1583952227.jpg
T307,00T30700WHT,https://www.spectorandco.com/product_images/products/T307_WHT_v1583952838.jpg
T310,00T31000BLK,https://www.spectorandco.com/product_images/products/T310_Cambridge_Black_v1453651589.jpg
T905,00T90500BRN,https://www.spectorandco.com/product_images/products/T905_BRN_v1639417761.jpg
USPENCILS,00USPENCILS,No image
