G1295,Pens,
G1296,Pens,
G1297,Pens,
G1299,Pens,
G538,Tags,
G6791,Journals,
GF1033,Kits-Other,
GF1064,Ear Buds,Pens,
GF1066,Cases,Pens,
GF1075D,Kits-Other,
GF1075M,Kits-Other,
GF1076,Kits-Other,
GF1076D,Kits-Other,
GF1076M,Kits-Other,
GF1077,Kits-Other,
GF1077D,Kits-Other,
GF1077M,Kits-Other,
GF1078,Kits-Other,
GF1078D,Kits-Other,
GF1079,Kits-Other,
GF1079D,Kits-Other,
GF1088,Journals,Bottles,
GF1088D,Journals,Bottles,
GF1091,Kits-Other,
GF1091D,Kits-Other,
GF1097,Kits-Other,
GF1098,Kits-Other,
GF7101D,Chargers,Tumblers,
GF7101M,Chargers,Tumblers,
GF711,Blankets,Bottles,
GF712,Blankets,Bottles,
GF714,Blankets,Bottles,
GF718,Journals,Bottles,
GF721,Masks,Pens,
GF737,Tumblers,
GF737M,Tumblers,
GF738,Mugs,
GF739,Tumblers,Mugs,
GF739D,Tumblers,Mugs,
GF739M,Tumblers,Mugs,
GF740,Bottles,
GF741,Tumblers,Mugs,
GF7414,Kits-Other,
GF741D,Tumblers,Bottles,
GF741M,Tumblers,Bottles,
GF742,Tumblers,Bottles,
GF743,Tumblers,Mugs,
GF746,Kits-Other,
GF747,Kits-Other,
GF748,Kits-Other,
GF749,Power Banks,Bottles,
GF750,Power Banks,Bottles,
GF753,Speakers,Bottles,
GF754,Bottles,Pens,
GF759D,Kits-Other,
GF759M,Kits-Other,
GF7661,Kits-Other,
GF7661D,Kits-Other,
GF7661M,Kits-Other,
GF7662,Cups,
GF767,Bottles,Mugs,
GF770,Notebooks,Pens,
GF770D,Kits-Other,
GF770M,Kits-Other,
GF776,Kits-Other,
GF776D,Kits-Other,
GF776M,Kits-Other,
GF777,Tumblers,
GF778,Tumblers,Bottles,
GF779D,Tumblers,
GF779M,Tumblers,
GF781D,Kits-Other,
GF781M,Kits-Other,
GF782,Kits-Other,
GF783D,Kits-Other,
GF783M,Kits-Other,
GF789,Journals,Bottles,
GF791,Kits-Other,
GF791D,Kits-Other,
GF791M,Kits-Other,
GF793,Tags,
GF794,Tags,
GF796,Tags,
GF890,Tags,Pens,
GF891,Key Chains / Rings,Pens,
GF893,Kits-Other,
GF894,Tags,Holders,
GF896,Kits-Other,
GF897,Kits-Other,
GF898,Kits-Other,
GF899,Kits-Other,
GF900,Kits-Other,
GF901,Tags,Pens,
GF904,Kits-Other,
GF905,Kits-Other,
GF906,Kits-Other,
I157,Kits-Other,
I158,Kits-Other,
I159,Kits-Other,
I163,Kits-Other,
SC925,Notebooks,
ST4188,Journals,
ST4189,Journals,Pens,
ST4453,Journals,Pens,
ST4842,Journals,Pens,
GF4651,Journals,Pens,
GF4163,Kits-Other,
GF1250,Journals,Pens,
T272,Power Banks,
GF1019,Kits-Other,
GF4380,Journals,Pens,
GF103,Journals,Pens,
GF1035,Power Banks,Pens,
GF1040,Kits-Other,
G6868,Kits-Other,
GF4148,Journals,Pens,
GF4179,Journals,Pens,
G6854,Key Chains / Rings,Pens,